{
  "harmlessness": 0.022889842632331958,
  "honesty": 0.022889842632331958,
  "helpfulness": 0.022889842632331958,
  "respectfulness": 0.022889842632331958,
  "truthfulness": 0.022889842632331958
}